[
{
  "model": "webapp.taskstatus",
  "pk": 1,
  "fields": {
    "status": "new12"
  }
},
{
  "model": "webapp.taskstatus",
  "pk": 2,
  "fields": {
    "status": "in_progress"
  }
},
{
  "model": "webapp.taskstatus",
  "pk": 3,
  "fields": {
    "status": "done"
  }
},
{
  "model": "webapp.taskstatus",
  "pk": 7,
  "fields": {
    "status": "asd"
  }
},
{
  "model": "webapp.tasktype",
  "pk": 2,
  "fields": {
    "type": "dsd"
  }
},
{
  "model": "webapp.tasktype",
  "pk": 3,
  "fields": {
    "type": "enhancement"
  }
},
{
  "model": "webapp.tasktype",
  "pk": 6,
  "fields": {
    "type": "asddsa"
  }
},
{
  "model": "webapp.task",
  "pk": 3,
  "fields": {
    "summary": "task3",
    "description": "task 3 desc",
    "task_status": 3,
    "task_type": 3,
    "date_create": "2019-09-26T04:46:31.320Z",
    "project": 1
  }
},
{
  "model": "webapp.task",
  "pk": 5,
  "fields": {
    "summary": "task 5",
    "description": "task 5 desc",
    "task_status": 1,
    "task_type": 3,
    "date_create": "2019-09-26T04:46:56.790Z",
    "project": 17
  }
},
{
  "model": "webapp.task",
  "pk": 10,
  "fields": {
    "summary": "dsfmlkdf",
    "description": "slkdnflkdsf",
    "task_status": 3,
    "task_type": 3,
    "date_create": "2019-10-08T04:24:31.293Z",
    "project": 1
  }
},
{
  "model": "webapp.task",
  "pk": 11,
  "fields": {
    "summary": "\u044b\u0444\u0432\u0442\u0432",
    "description": "",
    "task_status": 3,
    "task_type": 6,
    "date_create": "2019-10-11T09:50:43.570Z",
    "project": 2
  }
},
{
  "model": "webapp.task",
  "pk": 12,
  "fields": {
    "summary": "dsfdsf",
    "description": "",
    "task_status": 7,
    "task_type": 3,
    "date_create": "2019-10-11T10:07:46.038Z",
    "project": 1
  }
},
{
  "model": "webapp.task",
  "pk": 13,
  "fields": {
    "summary": "dsfs",
    "description": "",
    "task_status": 3,
    "task_type": 6,
    "date_create": "2019-10-11T11:38:43.048Z",
    "project": 2
  }
},
{
  "model": "webapp.task",
  "pk": 14,
  "fields": {
    "summary": "afdfdsf",
    "description": "",
    "task_status": 7,
    "task_type": 3,
    "date_create": "2019-10-11T11:40:29.650Z",
    "project": 2
  }
},
{
  "model": "webapp.task",
  "pk": 15,
  "fields": {
    "summary": "sdf,dsf",
    "description": "",
    "task_status": 2,
    "task_type": 2,
    "date_create": "2019-10-11T11:53:39.570Z",
    "project": 1
  }
},
{
  "model": "webapp.task",
  "pk": 16,
  "fields": {
    "summary": "\u044b\u0432\u0430",
    "description": "",
    "task_status": 3,
    "task_type": 2,
    "date_create": "2019-10-11T12:04:58.879Z",
    "project": 1
  }
},
{
  "model": "webapp.task",
  "pk": 17,
  "fields": {
    "summary": "\u044b\u0432\u043b\u0430\u0434\u043b\u0432\u044b\u0430",
    "description": "",
    "task_status": 1,
    "task_type": 2,
    "date_create": "2019-10-11T12:05:17.084Z",
    "project": 1
  }
},
{
  "model": "webapp.task",
  "pk": 18,
  "fields": {
    "summary": "ksdmf.dsnm",
    "description": "snfdsmf.dsm",
    "task_status": 1,
    "task_type": 2,
    "date_create": "2019-11-03T14:46:35.317Z",
    "project": 1
  }
},
{
  "model": "webapp.task",
  "pk": 19,
  "fields": {
    "summary": "\u044b\u0432\u043b\u0430",
    "description": "",
    "task_status": 3,
    "task_type": 2,
    "date_create": "2019-11-03T15:01:59.477Z",
    "project": 4
  }
},
{
  "model": "webapp.task",
  "pk": 20,
  "fields": {
    "summary": "dsfskdf",
    "description": "",
    "task_status": 2,
    "task_type": 2,
    "date_create": "2019-11-03T16:25:24.427Z",
    "project": 1
  }
},
{
  "model": "webapp.task",
  "pk": 21,
  "fields": {
    "summary": ".smf.,dsf",
    "description": "",
    "task_status": 7,
    "task_type": 6,
    "date_create": "2019-11-14T04:11:38.391Z",
    "project": 1
  }
},
{
  "model": "webapp.project",
  "pk": 1,
  "fields": {
    "summary": "123",
    "description": "",
    "date_create": "2019-10-11T04:41:52.206Z",
    "date_update": "2019-10-11T05:14:00.791Z",
    "status": "active"
  }
},
{
  "model": "webapp.project",
  "pk": 2,
  "fields": {
    "summary": "321asd",
    "description": "sdfsdfew",
    "date_create": "2019-10-11T04:42:24.198Z",
    "date_update": "2019-10-11T11:14:46.983Z",
    "status": "inactive"
  }
},
{
  "model": "webapp.project",
  "pk": 4,
  "fields": {
    "summary": "kjsandsad",
    "description": "",
    "date_create": "2019-10-11T10:22:27.652Z",
    "date_update": "2019-11-03T14:51:01.719Z",
    "status": "active"
  }
},
{
  "model": "webapp.project",
  "pk": 5,
  "fields": {
    "summary": "asdwdasd",
    "description": "123",
    "date_create": "2019-11-14T03:02:01.734Z",
    "date_update": "2019-11-14T03:02:01.734Z",
    "status": "active"
  }
},
{
  "model": "webapp.project",
  "pk": 6,
  "fields": {
    "summary": "asdasdawdsa",
    "description": "13",
    "date_create": "2019-11-14T03:02:27.001Z",
    "date_update": "2019-11-14T03:02:27.001Z",
    "status": "active"
  }
},
{
  "model": "webapp.project",
  "pk": 7,
  "fields": {
    "summary": "asdasdsad",
    "description": "321",
    "date_create": "2019-11-14T03:03:56.201Z",
    "date_update": "2019-11-14T03:03:56.201Z",
    "status": "active"
  }
},
{
  "model": "webapp.project",
  "pk": 8,
  "fields": {
    "summary": "sdkfms",
    "description": "",
    "date_create": "2019-11-14T03:50:55.735Z",
    "date_update": "2019-11-14T03:59:21.537Z",
    "status": "inactive"
  }
},
{
  "model": "webapp.project",
  "pk": 9,
  "fields": {
    "summary": "s,mdfdsf",
    "description": "",
    "date_create": "2019-11-14T03:55:22.318Z",
    "date_update": "2019-11-14T03:59:19.738Z",
    "status": "inactive"
  }
},
{
  "model": "webapp.project",
  "pk": 10,
  "fields": {
    "summary": "s,mdfdsf",
    "description": "",
    "date_create": "2019-11-14T03:56:08.069Z",
    "date_update": "2019-11-14T03:59:17.990Z",
    "status": "inactive"
  }
},
{
  "model": "webapp.project",
  "pk": 11,
  "fields": {
    "summary": "sadmsad",
    "description": "",
    "date_create": "2019-11-14T03:56:24.578Z",
    "date_update": "2019-11-14T03:59:16.391Z",
    "status": "inactive"
  }
},
{
  "model": "webapp.project",
  "pk": 12,
  "fields": {
    "summary": "sadmsad",
    "description": "",
    "date_create": "2019-11-14T03:56:34.672Z",
    "date_update": "2019-11-14T03:59:13.512Z",
    "status": "inactive"
  }
},
{
  "model": "webapp.project",
  "pk": 13,
  "fields": {
    "summary": "213",
    "description": "",
    "date_create": "2019-11-14T03:57:29.986Z",
    "date_update": "2019-11-14T03:59:11.658Z",
    "status": "inactive"
  }
},
{
  "model": "webapp.project",
  "pk": 14,
  "fields": {
    "summary": "ksdmfd",
    "description": "",
    "date_create": "2019-11-14T03:58:34.012Z",
    "date_update": "2019-11-14T03:59:09.622Z",
    "status": "inactive"
  }
},
{
  "model": "webapp.project",
  "pk": 15,
  "fields": {
    "summary": "kdsamfkd",
    "description": "",
    "date_create": "2019-11-14T03:59:32.155Z",
    "date_update": "2019-11-14T03:59:32.155Z",
    "status": "active"
  }
},
{
  "model": "webapp.project",
  "pk": 16,
  "fields": {
    "summary": "sa,dm.as",
    "description": "",
    "date_create": "2019-11-14T04:00:00.302Z",
    "date_update": "2019-11-14T04:00:00.302Z",
    "status": "active"
  }
},
{
  "model": "webapp.project",
  "pk": 17,
  "fields": {
    "summary": "ldsafdfms",
    "description": "",
    "date_create": "2019-11-14T04:01:47.761Z",
    "date_update": "2019-11-14T04:01:47.761Z",
    "status": "active"
  }
},
{
  "model": "webapp.project",
  "pk": 18,
  "fields": {
    "summary": ".dsafm;ldf",
    "description": "",
    "date_create": "2019-11-14T04:02:27.312Z",
    "date_update": "2019-11-14T04:02:27.312Z",
    "status": "active"
  }
},
{
  "model": "webapp.project",
  "pk": 19,
  "fields": {
    "summary": ",samdf,",
    "description": "",
    "date_create": "2019-11-14T04:03:18.484Z",
    "date_update": "2019-11-14T04:03:18.484Z",
    "status": "active"
  }
},
{
  "model": "webapp.project",
  "pk": 20,
  "fields": {
    "summary": "s.dfm",
    "description": "",
    "date_create": "2019-11-14T04:04:03.360Z",
    "date_update": "2019-11-14T04:04:03.361Z",
    "status": "active"
  }
},
{
  "model": "webapp.project",
  "pk": 21,
  "fields": {
    "summary": "s,mdfdsmfds",
    "description": "13123",
    "date_create": "2019-11-14T04:05:59.309Z",
    "date_update": "2019-11-14T04:05:59.309Z",
    "status": "active"
  }
},
{
  "model": "webapp.project",
  "pk": 22,
  "fields": {
    "summary": "dsfksdmf",
    "description": "",
    "date_create": "2019-11-14T04:23:54.522Z",
    "date_update": "2019-11-14T09:03:43.448Z",
    "status": "active"
  }
},
{
  "model": "webapp.team",
  "pk": 1,
  "fields": {
    "user_id": 1,
    "project_id": 1,
    "date_start": "2019-11-03T14:34:17Z",
    "date_end": "2019-11-30T14:34:22Z"
  }
},
{
  "model": "webapp.team",
  "pk": 2,
  "fields": {
    "user_id": 7,
    "project_id": 2,
    "date_start": "2019-11-03T14:34:38Z",
    "date_end": "2019-11-21T14:34:40Z"
  }
},
{
  "model": "webapp.team",
  "pk": 3,
  "fields": {
    "user_id": 2,
    "project_id": 4,
    "date_start": "2019-11-03T14:34:49Z",
    "date_end": "2019-11-18T14:34:50Z"
  }
},
{
  "model": "webapp.team",
  "pk": 4,
  "fields": {
    "user_id": 6,
    "project_id": 1,
    "date_start": "2019-11-03T16:24:45Z",
    "date_end": "2019-11-03T16:24:50Z"
  }
},
{
  "model": "webapp.team",
  "pk": 5,
  "fields": {
    "user_id": 1,
    "project_id": 7,
    "date_start": "2019-11-14T03:03:56.410Z",
    "date_end": null
  }
},
{
  "model": "webapp.team",
  "pk": 6,
  "fields": {
    "user_id": 1,
    "project_id": 8,
    "date_start": "2019-11-14T03:50:55.955Z",
    "date_end": null
  }
},
{
  "model": "webapp.team",
  "pk": 7,
  "fields": {
    "user_id": 1,
    "project_id": 9,
    "date_start": "2019-11-14T03:55:22.538Z",
    "date_end": null
  }
},
{
  "model": "webapp.team",
  "pk": 8,
  "fields": {
    "user_id": 1,
    "project_id": 10,
    "date_start": "2019-11-14T03:56:08.287Z",
    "date_end": null
  }
},
{
  "model": "webapp.team",
  "pk": 9,
  "fields": {
    "user_id": 1,
    "project_id": 11,
    "date_start": "2019-11-14T03:56:24.857Z",
    "date_end": null
  }
},
{
  "model": "webapp.team",
  "pk": 10,
  "fields": {
    "user_id": 1,
    "project_id": 12,
    "date_start": "2019-11-14T03:56:34.939Z",
    "date_end": null
  }
},
{
  "model": "webapp.team",
  "pk": 11,
  "fields": {
    "user_id": 1,
    "project_id": 13,
    "date_start": "2019-11-14T03:57:30.174Z",
    "date_end": null
  }
},
{
  "model": "webapp.team",
  "pk": 12,
  "fields": {
    "user_id": 1,
    "project_id": 14,
    "date_start": "2019-11-14T03:58:34.224Z",
    "date_end": null
  }
},
{
  "model": "webapp.team",
  "pk": 13,
  "fields": {
    "user_id": 1,
    "project_id": 15,
    "date_start": "2019-11-14T03:59:32.366Z",
    "date_end": null
  }
},
{
  "model": "webapp.team",
  "pk": 14,
  "fields": {
    "user_id": 1,
    "project_id": 16,
    "date_start": "2019-11-14T04:00:00.496Z",
    "date_end": null
  }
},
{
  "model": "webapp.team",
  "pk": 15,
  "fields": {
    "user_id": 1,
    "project_id": 17,
    "date_start": "2019-11-14T04:01:47.917Z",
    "date_end": null
  }
},
{
  "model": "webapp.team",
  "pk": 16,
  "fields": {
    "user_id": 1,
    "project_id": 18,
    "date_start": "2019-11-14T04:02:27.471Z",
    "date_end": null
  }
},
{
  "model": "webapp.team",
  "pk": 17,
  "fields": {
    "user_id": 1,
    "project_id": 19,
    "date_start": "2019-11-14T04:03:18.667Z",
    "date_end": null
  }
},
{
  "model": "webapp.team",
  "pk": 18,
  "fields": {
    "user_id": 1,
    "project_id": 20,
    "date_start": "2019-11-14T04:04:03.513Z",
    "date_end": null
  }
},
{
  "model": "webapp.team",
  "pk": 19,
  "fields": {
    "user_id": 1,
    "project_id": 21,
    "date_start": "2019-11-14T04:05:59.477Z",
    "date_end": null
  }
},
{
  "model": "webapp.team",
  "pk": 20,
  "fields": {
    "user_id": 2,
    "project_id": 21,
    "date_start": "2019-11-14T04:05:59.548Z",
    "date_end": null
  }
},
{
  "model": "webapp.team",
  "pk": 21,
  "fields": {
    "user_id": 3,
    "project_id": 21,
    "date_start": "2019-11-14T04:05:59.625Z",
    "date_end": null
  }
},
{
  "model": "webapp.team",
  "pk": 22,
  "fields": {
    "user_id": 4,
    "project_id": 21,
    "date_start": "2019-11-14T04:05:59.708Z",
    "date_end": null
  }
},
{
  "model": "webapp.team",
  "pk": 23,
  "fields": {
    "user_id": 5,
    "project_id": 21,
    "date_start": "2019-11-14T04:05:59.786Z",
    "date_end": null
  }
},
{
  "model": "webapp.team",
  "pk": 24,
  "fields": {
    "user_id": 1,
    "project_id": 22,
    "date_start": "2019-11-14T04:23:54.741Z",
    "date_end": "2019-11-14T09:03:09.719Z"
  }
},
{
  "model": "webapp.team",
  "pk": 25,
  "fields": {
    "user_id": 2,
    "project_id": 22,
    "date_start": "2019-11-14T04:23:54.816Z",
    "date_end": "2019-11-14T07:09:50.865Z"
  }
},
{
  "model": "webapp.team",
  "pk": 26,
  "fields": {
    "user_id": 3,
    "project_id": 22,
    "date_start": "2019-11-14T04:23:54.874Z",
    "date_end": "2019-11-14T07:09:50.791Z"
  }
},
{
  "model": "webapp.team",
  "pk": 27,
  "fields": {
    "user_id": 4,
    "project_id": 22,
    "date_start": "2019-11-14T04:23:54.953Z",
    "date_end": "2019-11-14T07:09:50.707Z"
  }
},
{
  "model": "webapp.team",
  "pk": 28,
  "fields": {
    "user_id": 5,
    "project_id": 22,
    "date_start": "2019-11-14T04:23:55.036Z",
    "date_end": "2019-11-14T07:09:25.504Z"
  }
},
{
  "model": "webapp.team",
  "pk": 29,
  "fields": {
    "user_id": 1,
    "project_id": 22,
    "date_start": "2019-11-14T04:27:42Z",
    "date_end": "2019-11-14T04:30:45Z"
  }
},
{
  "model": "webapp.team",
  "pk": 30,
  "fields": {
    "user_id": 1,
    "project_id": 22,
    "date_start": "2019-11-14T04:31:10Z",
    "date_end": "2019-11-14T09:02:58.173Z"
  }
},
{
  "model": "webapp.team",
  "pk": 31,
  "fields": {
    "user_id": 5,
    "project_id": 22,
    "date_start": "2019-11-14T07:09:50.946Z",
    "date_end": null
  }
},
{
  "model": "webapp.team",
  "pk": 32,
  "fields": {
    "user_id": 6,
    "project_id": 22,
    "date_start": "2019-11-14T07:09:51.027Z",
    "date_end": "2019-11-14T09:02:58.097Z"
  }
},
{
  "model": "webapp.team",
  "pk": 33,
  "fields": {
    "user_id": 7,
    "project_id": 22,
    "date_start": "2019-11-14T07:09:51.108Z",
    "date_end": "2019-11-14T09:02:40.458Z"
  }
},
{
  "model": "webapp.team",
  "pk": 34,
  "fields": {
    "user_id": 8,
    "project_id": 22,
    "date_start": "2019-11-14T07:09:51.183Z",
    "date_end": "2019-11-14T09:02:40.391Z"
  }
},
{
  "model": "webapp.team",
  "pk": 35,
  "fields": {
    "user_id": 9,
    "project_id": 22,
    "date_start": "2019-11-14T07:09:51.255Z",
    "date_end": "2019-11-14T09:02:40.321Z"
  }
},
{
  "model": "webapp.team",
  "pk": 36,
  "fields": {
    "user_id": 10,
    "project_id": 22,
    "date_start": "2019-11-14T07:09:51.328Z",
    "date_end": "2019-11-14T09:02:26.847Z"
  }
},
{
  "model": "webapp.team",
  "pk": 37,
  "fields": {
    "user_id": 11,
    "project_id": 22,
    "date_start": "2019-11-14T07:09:51.406Z",
    "date_end": "2019-11-14T09:02:40.255Z"
  }
},
{
  "model": "webapp.team",
  "pk": 38,
  "fields": {
    "user_id": 12,
    "project_id": 22,
    "date_start": "2019-11-14T07:09:51.482Z",
    "date_end": "2019-11-14T09:02:40.190Z"
  }
},
{
  "model": "webapp.team",
  "pk": 39,
  "fields": {
    "user_id": 2,
    "project_id": 22,
    "date_start": "2019-11-14T09:03:35.424Z",
    "date_end": "2019-11-14T09:03:43.691Z"
  }
},
{
  "model": "webapp.team",
  "pk": 40,
  "fields": {
    "user_id": 3,
    "project_id": 22,
    "date_start": "2019-11-14T09:03:35.499Z",
    "date_end": "2019-11-14T09:03:43.603Z"
  }
},
{
  "model": "webapp.team",
  "pk": 41,
  "fields": {
    "user_id": 4,
    "project_id": 22,
    "date_start": "2019-11-14T09:03:35.586Z",
    "date_end": "2019-11-14T09:03:43.529Z"
  }
}
]
